trials,successes,empirical_probability,theoretical_probability,absolute_error,relative_error
10,2,0.2,0.3,0.09999999999999998,0.33333333333333326
50,17,0.34,0.3,0.040000000000000036,0.13333333333333347
100,33,0.33,0.3,0.030000000000000027,0.10000000000000009
500,151,0.302,0.3,0.0020000000000000018,0.006666666666666673
1000,310,0.31,0.3,0.010000000000000009,0.03333333333333337
5000,1502,0.3004,0.3,0.00040000000000001146,0.0013333333333333717
10000,2887,0.2887,0.3,0.011299999999999977,0.03766666666666659
